{
  "project_info": {
    "project_number": "946146739555",
    "firebase_url": "https://yuginf-84fef-default-rtdb.firebaseio.com",
    "project_id": "yuginf-84fef",
    "storage_bucket": "yuginf-84fef.appspot.com"
  },
  "client": [
    {
      "client_info": {
        "mobilesdk_app_id": "1:946146739555:android:34c242976e1381f9b7ff56",
        "android_client_info": {
          "package_name": "com.example.myapplication17"
        }
      },
      "oauth_client": [
        {
          "client_id": "946146739555-3u45cp5g5p6ki6filfvlft98ole9bksq.apps.googleusercontent.com",
          "client_type": 3
        }
      ],
      "api_key": [
        {
          "current_key": "AIzaSyBPU-h7JBJ8msZAFdphKFT9KomHvTbjW30"
        }
      ],
      "services": {
        "appinvite_service": {
          "other_platform_oauth_client": [
            {
              "client_id": "946146739555-3u45cp5g5p6ki6filfvlft98ole9bksq.apps.googleusercontent.com",
              "client_type": 3
            }
          ]
        }
      }
    },
    {
      "client_info": {
        "mobilesdk_app_id": "1:946146739555:android:9636d3b28c031106b7ff56",
        "android_client_info": {
          "package_name": "ru.rustore.sdk.appupdateexample"
        }
      },
      "oauth_client": [
        {
          "client_id": "946146739555-3u45cp5g5p6ki6filfvlft98ole9bksq.apps.googleusercontent.com",
          "client_type": 3
        }
      ],
      "api_key": [
        {
          "current_key": "AIzaSyBPU-h7JBJ8msZAFdphKFT9KomHvTbjW30"
        }
      ],
      "services": {
        "appinvite_service": {
          "other_platform_oauth_client": [
            {
              "client_id": "946146739555-3u45cp5g5p6ki6filfvlft98ole9bksq.apps.googleusercontent.com",
              "client_type": 3
            }
          ]
        }
      }
    }
  ],
  "configuration_version": "1"
}